,Index,Predicted_value
0,50.0,0.6611385018152196
1,30.0,0.03464911041946939
2,44.0,0.7125139159081234
3,13.0,0.5692563002881856
4,26.0,1.8770751125314455
5,40.0,0.38136458853338473
6,19.0,0.0469088971190061
7,2.0,0.022981254382988297
8,16.0,0.027020263531026798
9,5.0,0.0718076539906999
